,aupr,F-max
0,0.401342545,0.425703472
